Sequences,Secondary structure,Scores,Counts
TACTTAGGCTGTTGCATT,.......((....))...,97.41877685377685,1
CACCTTCTCGCTTTTGCC,.........((....)).,94.37472965534683,1
TTGCTGGTTTTCCTTATT,.....((....)).....,93.71270241891577,1
TTTTTTTTTTTTTTTTTC,..................,91.88282561424779,1
TGAGGACAAACGGCTCAT,((((.........)))).,91.22153846153846,1
GCGTTTGCAATGTTTTAC,((....))..........,91.09927086781292,1
CGAGTCACCAAGACTTAC,.(((((.....)))))..,90.89846153846153,1
CCCGTACTAGGGCATCAT,(((......)))......,90.0574358974359,1
AAATTTCGTCCTGTTGGG,.........((....)).,89.10321491076607,1
TGCCGAAAACGGGTTCCC,..(((....)))......,88.11641025641026,1
