Sequences,Secondary structure,Scores
GTACAGAGAGACTCCCAA,.....(((...)))....,117.76538461538462
GTACCAAGAGAGACTCCC,.......(((...)))..,74.40434243176179
GTACAGAGAGACTCCCAT,.....(((...)))....,74.2939205955335
GTACAGAGAGACTCCCAG,.....(((...)))....,71.06728701406121
TTGCTTGTGCTGTATTTC,..((....))........,70.143914790762
GTGCAGAGAGACTCCCAA,.....(((...)))....,68.45355665839537
GTACAGAGAGACTCCCGA,.....(((...)))....,67.68763440860215
GTACAGAGAGACTCCCGG,.....(((...)))....,67.53378825475599
GTACAGAGAGACTCCTAA,.....(((...)))....,67.49532671629446
GTAAAGAGAGACTCCCAA,.....(((...)))....,67.26290322580645
